"ID","Name","Name2","LangID","Nationality","CurrencyCode","ReferenceNo","Status","StatusDate","PhoneCode","Flag" 
"54","test123123","testtet12322","","amtset","USD","USD","2","10/23/2018 8:27:41 AM","005","https://localhost:44305/Flags/Syria798187781.png" 
"2","USA","الولايات المتحدة","","amtset","USD","USD","2","10/23/2018 8:20:06 AM","005","https://localhost:44305/Flags/United-States1308006763.png" 
"42","jordan","","","jordanian","JOD","","2","10/23/2018 8:18:08 AM","","https://localhost:44305/Flags/Jordan446191830.png" 
"21","saudi arabia","السعودية","","saudi arabian  tertete","SAR","","2","10/23/2018 8:21:00 AM","00962","https://localhost:44305/Flags/Saudi-Arabia1615857798.png" 
"41","United Arab Emirates","","","Emirati","AED","111","2","10/23/2018 8:21:16 AM","971","https://localhost:44305/Flags/United-Arab-Emirates1575209366.png" 
"43","jordan","","","jordanian","JOD","","2","10/23/2018 8:27:28 AM","962","https://localhost:44305/Flags/Jordan1882616565.png" 
"49","UK","UK","","UK","JOD","23","2","10/23/2018 8:21:39 AM","123","https://localhost:44305/Flags/United-Kingdom2001438476.png" 
"51","test","test","","","JOD","123","2","10/23/2018 9:27:20 PM","123","https://localhost:44305/Flags/Anguilla668316944.png" 
"103","tessdsds","","","jod","JOD","","2","11/6/2018 8:09:56 AM","test","" 
"1","Jordan","الاردن","","Jordanian","JOD","JOD","2","10/23/2018 9:28:12 PM","00962","https://localhost:44305/Flags/Jordan985828750.png" 
"108","test","","","","AED","","2","11/7/2018 5:20:43 AM","","https://localhost:44322/Images/Capture254836029.JPG" 
"50","test","test","","test","AED","00962","2","10/23/2018 9:29:48 PM","045","https://localhost:44305/Flags/Algeria926242103.png" 
"61","Tunisia","Tunisia","","Tunisian","JOD","1111","2","10/23/2018 8:22:01 AM","971","https://localhost:44305/Flags/Tunisia975609098.png" 
"81","test2323","test2323","","testing","","test","2","10/20/2018 9:37:56 PM","07796","https://localhost:44305/Flags/Abkhazia1639740771.png" 
"102","tessdsds","","","jod","JOD","","1","11/3/2018 7:51:06 PM","test","" 
"104","tessdsds","","","jod","JOD","","1","11/3/2018 7:58:45 PM","test","" 
"45","jordan","","","jord","JOD","","2","10/9/2018 8:04:51 PM","962","" 
"105","ahmad","","","","","","0","11/3/2018 8:33:42 PM","132","" 
"47","jordan","الاردن","","Jordanian tesr","JOD","","2","10/9/2018 8:06:48 PM","00962","" 
